#threads,exec_time,speedup
1s,0.507666,1
1,0.475045,1.068669
2,0.302405,1.678761
3,0.242807,2.090821
4,0.157009,3.233356
5,0.162676,3.120718
6,0.195897,2.591494
7,0.193514,2.623407
8,0.189712,2.675982
