#threads,exec_time,speedup
1s,0.042241,1
1,0.038182,1.106306
2,0.017935,2.355227
3,0.013130,3.217136
4,0.010413,4.056563
5,0.012574,3.359392
6,0.009810,4.305912
7,0.008837,4.780015
8,0.015259,2.768267
