#threads,exec_time,speedup
1s,3.631276,1
1,3.612409,1.005222
2,2.058246,1.764257
3,1.576572,2.303273
4,1.249801,2.905483
5,1.412659,2.570525
6,1.502327,2.417100
7,1.529022,2.374901
8,1.546248,2.348443
