#threads,exec_time,speedup
1s,0.024951,1
1,0.022163,1.125795
2,0.012764,1.954794
3,0.009264,2.693329
4,0.007127,3.500912
5,0.008146,3.062975
6,0.008056,3.097194
7,0.010171,2.453151
8,0.008351,2.987785
