#threads,exec_time,speedup
1s,0.055650,1
1,0.051148,1.088019
2,0.025212,2.207282
3,0.017893,3.110154
4,0.014763,3.769559
5,0.015929,3.493627
6,0.012951,4.296965
7,0.015571,3.573951
8,0.012952,4.296633
