#threads,exec_time,speedup
1s,6.319287,1
1,6.237906,1.013046
2,3.433818,1.840309
3,2.518583,2.509064
4,2.173986,2.906774
5,2.112627,2.991198
6,2.342360,2.697829
7,2.403582,2.629112
8,2.398716,2.634445
