#threads,exec_time,speedup
1s,80.221869,1
1,79.981381,1.003006
2,42.404793,1.891811
3,29.406224,2.728057
4,24.494406,3.275109
5,25.089164,3.197470
6,25.348926,3.164704
7,26.764855,2.997283
8,27.030195,2.967861
