#threads,exec_time,speedup
1s,0.806463,1
1,0.792139,1.018082
2,0.431172,1.870397
3,0.310286,2.599095
4,0.248970,3.239197
5,0.240959,3.346888
6,0.252699,3.191397
7,0.271979,2.965166
8,0.314596,2.563487
