#threads,exec_time,speedup
1s,0.096392,1
1,0.070635,1.364649
2,0.038424,2.508640
3,0.027864,3.459374
4,0.022301,4.322317
5,0.022185,4.344917
6,0.037547,2.567235
7,0.023467,4.107555
8,0.023973,4.020856
