#threads,exec_time,speedup
1s,0.071266,1
1,0.059168,1.204468
2,0.031040,2.295940
3,0.024704,2.884795
4,0.017111,4.164923
5,0.020484,3.479105
6,0.025512,2.793430
7,0.017038,4.182767
8,0.028194,2.527700
