#threads,exec_time,speedup
1s,0.282037,1
1,0.270102,1.044187
2,0.140781,2.003374
3,0.093272,3.023812
4,0.081969,3.440776
5,0.081789,3.448348
6,0.091440,3.084394
7,0.124241,2.270079
8,0.096179,2.932417
