#threads,exec_time,speedup
1s,0.029383,1
1,0.026614,1.104042
2,0.016473,1.783706
3,0.010413,2.821761
4,0.008811,3.334808
5,0.010433,2.816351
6,0.010093,2.911225
7,0.009212,3.189643
8,0.012498,2.351016
